<?xml version="1.0"?>
<doc>
    <assembly>
        <name>XivCommon</name>
    </assembly>
    <members>
        <member name="T:XivCommon.Functions.Chat">
            <summary>
            A class containing chat functionality
            </summary>
        </member>
        <member name="M:XivCommon.Functions.Chat.SendMessageUnsafe(System.Byte[])">
            <summary>
            <para>
            Send a given message to the chat box. <b>This can send chat to the server.</b>
            </para>
            <para>
            <b>This method is unsafe.</b> This method does no checking on your input and
            may send content to the server that the normal client could not. You must
            verify what you're sending and handle content and length to properly use
            this.
            </para>
            </summary>
            <param name="message">Message to send</param>
            <exception cref="T:System.InvalidOperationException">If the signature for this function could not be found</exception>
        </member>
        <member name="M:XivCommon.Functions.Chat.SendMessage(System.String)">
            <summary>
            <para>
            Send a given message to the chat box. <b>This can send chat to the server.</b>
            </para>
            <para>
            This method is slightly less unsafe than <see cref="M:XivCommon.Functions.Chat.SendMessageUnsafe(System.Byte[])"/>. It
            will throw exceptions for certain inputs that the client can't normally send,
            but it is still possible to make mistakes. Use with caution.
            </para>
            </summary>
            <param name="message">message to send</param>
            <exception cref="T:System.ArgumentException">If <paramref name="message"/> is empty, longer than 500 bytes in UTF-8, or contains invalid characters.</exception>
            <exception cref="T:System.InvalidOperationException">If the signature for this function could not be found</exception>
        </member>
        <member name="M:XivCommon.Functions.Chat.SanitiseText(System.String)">
            <summary>
            <para>
            Sanitises a string by removing any invalid input.
            </para>
            <para>
            The result of this method is safe to use with
            <see cref="M:XivCommon.Functions.Chat.SendMessage(System.String)"/>, provided that it is not empty or too
            long.
            </para>
            </summary>
            <param name="text">text to sanitise</param>
            <returns>sanitised text</returns>
            <exception cref="T:System.InvalidOperationException">If the signature for this function could not be found</exception>
        </member>
        <member name="T:XivCommon.GameFunctions">
            <summary>
            A class containing game functions
            </summary>
        </member>
        <member name="P:XivCommon.GameFunctions.Chat">
            <summary>
            Chat functions
            </summary>
        </member>
        <member name="M:XivCommon.GameFunctions.Dispose">
            <inheritdoc />
        </member>
        <member name="M:XivCommon.GameFunctions.GetFramework">
            <summary>
            Convenience method to get a pointer to <see cref="P:XivCommon.GameFunctions.Framework"/>.
            </summary>
            <returns>pointer to struct</returns>
        </member>
        <member name="M:XivCommon.GameFunctions.GetUiModule">
            <summary>
            Gets the pointer to the UI module
            </summary>
            <returns>Pointer</returns>
        </member>
        <member name="M:XivCommon.GameFunctions.GetAtkModule">
            <summary>
            Gets the pointer to the RaptureAtkModule
            </summary>
            <returns>Pointer</returns>
        </member>
        <member name="M:XivCommon.GameFunctions.GetAgentModule">
            <summary>
            Gets the pointer to the agent module
            </summary>
            <returns>Pointer</returns>
        </member>
        <member name="M:XivCommon.GameFunctions.GetAgentByInternalId(System.UInt32)">
            <summary>
            Gets the pointer to an agent from its internal ID.
            </summary>
            <param name="id">internal id of agent</param>
            <returns>Pointer</returns>
            <exception cref="T:System.InvalidOperationException">if the signature for the function could not be found</exception>
        </member>
        <member name="M:XivCommon.GameFunctions.GetAtkStageSingleton">
            <summary>
            Gets the pointer to the AtkStage singleton
            </summary>
            <returns>Pointer</returns>
            <exception cref="T:System.InvalidOperationException">if the signature for the function could not be found</exception>
        </member>
        <member name="T:XivCommon.Hooks">
            <summary>
            Flags for which hooks to use
            </summary>
        </member>
        <member name="F:XivCommon.Hooks.None">
             <summary>
             No hook.
            
             This flag is used to disable all hooking.
             </summary>
        </member>
        <member name="F:XivCommon.Hooks.Tooltips">
             <summary>
             The Tooltips hooks.
            
             This hook is used in order to enable the tooltip events.
             </summary>
        </member>
        <member name="F:XivCommon.Hooks.BattleTalk">
             <summary>
             The BattleTalk hook.
            
             This hook is used in order to enable the BattleTalk events.
             </summary>
        </member>
        <member name="F:XivCommon.Hooks.PartyFinderListings">
            <summary>
            Hooks used for refreshing Party Finder listings.
            </summary>
        </member>
        <member name="F:XivCommon.Hooks.PartyFinderJoins">
            <summary>
            Hooks used for Party Finder join events.
            </summary>
        </member>
        <member name="F:XivCommon.Hooks.PartyFinder">
             <summary>
             All Party Finder hooks.
            
             This hook is used in order to enable all Party Finder functions.
             </summary>
        </member>
        <member name="F:XivCommon.Hooks.Talk">
             <summary>
             The Talk hooks.
            
             This hook is used in order to enable the Talk events.
             </summary>
        </member>
        <member name="F:XivCommon.Hooks.ChatBubbles">
             <summary>
             The chat bubbles hooks.
            
             This hook is used in order to enable the chat bubbles events.
             </summary>
        </member>
        <member name="F:XivCommon.Hooks.NamePlates">
             <summary>
             The name plate hooks.
            
             This hook is used in order to enable name plate functions.
             </summary>
        </member>
        <member name="M:XivCommon.SigScannerExt.TryScanText(Dalamud.Game.SigScanner,System.String,System.IntPtr@,System.String)">
            <summary>
            Scan for a signature in memory.
            </summary>
            <param name="scanner">SigScanner to use for scanning</param>
            <param name="sig">signature to search for</param>
            <param name="result">pointer where signature was found or <see cref="F:System.IntPtr.Zero"/> if not found</param>
            <param name="name">name of this signature - if specified, a warning will be printed if the signature could not be found</param>
            <returns>true if signature was found</returns>
        </member>
        <member name="T:XivCommon.XivCommonBase">
            <summary>
            A base class for accessing XivCommon functionality.
            </summary>
        </member>
        <member name="P:XivCommon.XivCommonBase.Functions">
            <summary>
            Game functions and events
            </summary>
        </member>
        <member name="M:XivCommon.XivCommonBase.#ctor(XivCommon.Hooks)">
            <summary>
            <para>
            Construct a new XivCommon base.
            </para>
            <para>
            This will automatically enable hooks based on the hooks parameter.
            </para>
            </summary>
            <param name="hooks">Flags indicating which hooks to enable</param>
        </member>
        <member name="M:XivCommon.XivCommonBase.Dispose">
            <inheritdoc />
        </member>
    </members>
</doc>
